sentiment,text
0,yeah i hope it comes out at midnight so i can download it and have a play around but i doubt it will
0,Did you buy a PS My xbox got the RROD
0,Begining my ten page paper for media law this weekend after work blah getting advertising quotes for the Paseo Art Festival tshirts
0,lol thanksthere scary to wear though
0,Im not graduating either
1,More like Mr FluMan right now i think
0,sorry Mike need to consult with the boss before I tweet We cant do that date
0,My tummy hurts
1,My dog is definitely cuter than yours
0,Indiana family just left major pouty face is happening right now
0,i will soon be so lonely
1,Smiley button badges RM for pcs and memo pad RM each Keep on smiling
0,What a gloriously sunny day I think Ill spend it in a darkened edit suite Again
0,hates it when restaurants add gratuity and leave space for tip I double tipped last night cos light was so dim and I was too tipsy
1,then jb wiill sweep you up and take you with them
1,Awesome I have the camera they modeled this after Its the one in our living room along with everything else
0,thanks so much for going to Ft Lewis youre so nice my son is in the nd Medical Brigade FST going to Iraq in Dec
1,At least you got create his account
1,oooo wanna share with me
1,sana claus s tru you are so very pretty
0,crappy day turned awesome at work only to come home to discover that my chico dog is sick
1,Well be filming tweeting blogging so youll be able to see all the doggy guests
0,is getting her hair dieddddddd i miss my baby
1,That would be cute
1,Good morning Feeling a little sNaRkY this morning How are you you you AND you
1,woohooooooooooo is stalking ya
1,gonna watch the outsiders
1,Thank you for the love and for the retweets
0,watching top chefwishing i could cook like them oh so sad
1,Trueblood and Dexter should be back within weeks Best Shows Ok maybe not Ever but Currently at any rate
1,My kittys so snuggly and Designed to Sell is on What else do I need Hmm maybe some food
0,I was looking for it but it isnt on the iPhone keyboard
0,Feeling down must be the awful weather
0,My blogger posts are all gone gone and gone Saddedlyfe
1,sharing is caring
0,Im really really freaked Call me back PLEASE
1,morninggood for you good news on the smile front
0,bored yesterdaybored todaybored tomorrow summer where are my friends
0,is SO close but SOOOO fat away
1,Yeah Its not an easy time out there now Thankfully there are good ppl like and to help
1,lol So am I kinda What is it you do actually
1,I know this week will be amazing theyre like mins away from me omg omg
0,what a beautiful day out too bad i have to work
0,so we came in fourth place for trivia oh well
1,So according to Mr Tagg if I do this Peer Tutoring hell let me be an Environment Prefect next year Yay for extra cred
1,good morning girlie How are you xo
1,is it the one on your blog next will be mushrooms
0,Ive sparked the wrath of Achilles the rage of Zeus and the madness of Ajax Ive messed it up
1,lol maybe the Queen does tweet
0,Sitting at work waiting for the Receptionist to get off lunch so I can go to my dental I hate it
0,O Wish I saw this in the morning I wouldnt have procastrinated the whole day
0,oh no i thought both would be cool guess im not cool w the yr olds lol
0,Waah You were in Aberdeen FK why do I miss all the best gigs
0,ok you win or lose as it appears
0,its job hunting time
1,FRESH
1,No santigold for me tonight work til and Im off tomorrow
0,i wanted some even tho i am already wearing some boxers amp therefore didnt need them but we searched amp searched and could not find any
1,Lakers lead by six in overtime yay
1,Im real good Hows the biz
1,Favorite party about last night Getting attention from guys while you sat and watched
0,I dont get it
1,Put new strings on my Les Paul Exam block is best auz So happy to chill and do nothing but play guitar L
1,The glasses make you look coquettish
0,Where did the weekend go
0,i know right feed and care for an animal from infancy for five years and this is what you get
0,threw her back out yesterday and is stuck in bed all day So much pain
1,I love the theme song quotIt all started with the big bang BANGquot
1,Haha that only helps if anything Thanks
0,really could go for a mochachai tea latte right now
0,Misses her babies she feels so lonely right now
1,I personally had my fill of the Sister Mary Margarets something or other yrs of catholic schoolso done
1,excited that wristcutters is finally on On Demand
1,is reading through all her AS French stuff just to re jog the old brain
0,Maca just kicked a hole in the wall Hhahahaahhahahaha if only my twitpic worked
1,thank you have a great weekend
0,if youre referring to up I dont think wed make it through the first scene
1,Had a great time last night skyy vodka does the body good until the next morning hehe
0,Coming on with the Japanese but stuck in Romaji cant progress to the writing aspect bcoz i r teh dumb
1,I think this brilliant performance summarizes my thoughts quite well thanks
1,ampamp iLL confess that i can be a LiL seLfish smiLe
1,What He better stop it Its amazing how u meet someone out the blue and click with them instantly
0,Lala why cant i ever sleep I think i have like a sleeping disorder craving pop eyes imma stop tweeting I over do it at night
1,Kelly Clarkson is actually very smart and funny such a relief fb watching good news week
0,hmmstill unsure what im ACTUALLY supposed to do on hereand no one can help me
1,I know that I have issues but youre pretty fucked up tooso dont judge me
0,Boo Just got to school n my phone only has one bar left
1,OMG YOURE FINALLY FRIENDS WITH THE EMO FAG
1,
1,its nice isnt it pets shelf of pretty books its just missing urs lol
0,laptop wont turn on anyone wanna fix it so i can play on itunes im dyyyiiing
0,That makes me sad that people would be mean to their puppy cause it was acting like a puppy
0,not yet for me though
0,Nothing is gorgeous abt F and G
1,finethere are so many movies anticipateespecially quotharry potter quotcause thats shown on my birthmonthwooot
0,they say everythings ok in the end so if your not happy then its not the end so what does that mean for us cos Im not happy
0,almost got Treck but did not like gear shift on it I know Im picky LOL Photo
0,Ok you win on that point
1,yay Im leaving for Dallas you are still invited
0,off today and its supposed to rain wtf just my luck
0,Need To Start Revising Physics
0,my finger hurts cause its infected
1,Up was amazing I love Doug the dog must get a stuffed one at WDW I hope to one day see my name in the credits for a Disney movie
1,Indeed I do Then again we are ESRI NZ Estimating customers in NZ should recieve it sometime in June
0,Ahh Not good Thinking I might have to hit the bed shortly Struggling to keep the ol eyes open Hope your days not bad
0,They searched my person too One grabbed my stomach under my sweater Thats what I get for wearing a sweater in snowy weather
0,thanks Miggy Mom found that out too but some other pet got the one pet seat on her plane already
0,Gah openvideo starts referencing rapid prototyping and the video stream conks out My worlds collide and I cant follow along
0,Great day Hate that its almost over Ryan heads out of town for the whole week tomorrow
0,I need to get me one of those my scale is always adding on lbs not taking them away or worse it could be accurate
0,The concert was amazing But i lost my voice
0,i havent seen it either
1,Will be away for a few minutes now LUNCH hehe x
1,ohhh and and and haha lol Swag igotmyswagback HAhaa Honestly I feel flattered
0,headache still not lifted additional symptoms looks like pillpopping all day
0,Haha mine too Watching more JonampKate stuff depressing I love their show but its not the same now
1,Eating PIJAHAT with boya jenni and erin
0,i know its so nostalgic
0,cant sleep come give me hug
0,has the mother of all headaches
0,i hate my job well i got to get ready to pick up peter bye shoprite
1,just finished working out
0,psdont think they open up until pm
0,I wish someone would buy ME a bear from BuildaBear
1,bum notes guess what Im now watching MMK Those TV shows in the buses must have some effect on my tolerance for local TV channels
0,naw are you
0,Actually i want the mac book pro the mouse is so cool but its only
1,Brings back memories
0,Im good thanks busy but good Stuck in work at the moment though
1,im putting skins on my ipod
1,im yours jason mrazlooking for an electric guitar yay
1,i know im overdoing the anchorman thing but goddamn i just had to get that one in there it was too perfect
1,hey leighton how are you i really like your songs youre such a great actress take care
1,HEY LOW Mitchel awesome music WOOT
1,also with runes keep it simple as possible
1,hope ya hit the Waffle House up in VA Beach too
0,Cake Was going to buy the hummingbird bakery book but have been dissuaded by bad reviews
0,VisaMasterCard is charging all MSPs for Visa amp for MC transactions PCI Security fees This is passed on to the Merchant
1,we got thrown under the bus by friends were left behind to sit together We agreed we in out on purpose sometime this week
0,is worn the fuck out
0,Open Day postponed until further notice BUT school is still on as usual this Saturday fb
1,Drivin is a beautiful dayyy
1,Mmmm slim fast and a fruit cup Yummy breakfast
1,I look forward to joining the revolution
0,I wish this sickness would leave my body
1,LuckyLucky boy My bf and I broke upthe distance was too much So happy for you Rock that boys world
1,My day so far laundry trip into town back home Now am going to have a well deserved break before lunch then a visit to the library
1,got back from hastingsbexhill last night brill wknd got a little bit burnt ooops
1,Here is a new art piece Im wrking on for fun let me know what u think
0,Reinstalling MS testing software on USB HDDs Painful
0,I just took a look around and realized that Im basically in this by myself I miss Brandon but hes all the way in Cali FML
1,just woke up off to Westfield in a while AGAAAIIN COMMENTSUBSCRIBE
0,tears video games death if you send me the money I so would but im hella broke and up at am
1,wow youre my first follower I assume thats from my Oprah message lol Anyway thanks
1,Fuddruckers with
0,susah emang long distance ituu huhu aku juga ngerasain
1,nice didnt sing to mine Cant but looking for lessons to change that
0,I hope youll come to Germany one day I really would like to see you guys live one day
1,my ambience was great this morning it is full throttle reading news isnt the usual routine for me but ok its free
1,Hrm happy quot days oldquot day
1,Some really awesome girls
0,Is gonna watch quotHes Just not that into youquot which i can definatly relate to at this moment
1,we know that but some legs are not so smart
1,I want to see away we go i love you john
1,Splish splash welcome summer
1,Saw the Hawks Dustin Byfuglien Kris Versteeg amp Colin Fraser out in the neighborhood on this kick ass Thursday morn Conference Finals
1,UP soooooo good i laughed i cried just so cute
1,sounds great
0,tell me whooo on msn babaa hmmnot at all no one famous is writing back to me
0,SEE I told yall They butchered Shanes ish They did it no justice
0,i love bobby longs music Although i cant find it anywhere to download it
0,weve been trying to get that damn fhm but its impossible to order
1,On my way to s for breakfast
0,i just realised that my high school education is officially over gonna miss it
1,Youre welcome Google Wave Rocks Cant wait to use it
0,just a really really boring day
0,Stuck in terrible traffic on route to DC howitends
1,can other countries view the live feed as well Thanks for your time
0,What well thats not good SORRY honey I was convinced that i did Im sending u one asap Ill send you level so u can glow
1,Oh no best stick to flipflops tomo I will LOVE the dvds guarenteed Me and Gabs have scheduled next sat night in for a festx
0,Sorry I was hoping on getting it done before I had left for vacation Now we should all be back in order
0,iamdiddy awww im so sorry for your sister
0,Okay apparently I DIDNT miss the deadline for JB mampgs but it would be kinda lame to win I would feel really bad about it
0,of course why else Id kill for a work visa to live in dk
0,so glad to see you this weekend It had been too long Hope you had a safe trip home
1,Following Pnk LL
1,Hey XOXO
1,great dinner tonight Mozambican prawns
0,Revising chemistry
1,love the Twitter handle Is this intended to provide support for all Bing addicts I feel like binging on Bing
0,Sigh chat room was just shut down due to trolls
1,words PARANOIDJONAS
1,Morning I have messy hair and its wet Time to get dressed Science History RE and Music exam today
0,why
1,hey guys hows it hangin not much news but one of my BFFs just cracked a rib kind of feel sorry her i just got the sickest beats of TI
1,wow congrats
1,Porto is incredibly beautiful
1,Is watchin her burger n chips being cookd lol x
0,I want brownies like nobodies business But no brownies for me
0,umm it was SOOO good u MUST see it and sooo weird i wish you were still best friends with her
0,I can talk everynight and sad face to not tonight I have MSN
0,did they play polite dance song only my fav please dont say they did or course they did damn me
0,Jon amp Kate Ive watched these kids grow up this is going to break my heart
0,I am lost Please help me find a good home
1,Waiting for Game To Start GO LAKERS
1,Whats your fav milkshake place in flagstaff flg needing a creamy delightful pick me up
1,ok goodnight
1,soooooo i finally joined twitter what do you know and terminator was freaking awesome christian totally made that movie
1,Did some Summer cleaning of my computer removed GB
0,I am beyond exhausted today I have absolutely no motivation to do anything Plus a nasty headache
0,Awww everyone is cryin Were gona miss you I love you We go all the way back to LOL
0,WOW Steph and John and pretty much everyone else did better on How well do you know Billy than me
1,Im almost May thand have only had sex with girls And plus it would make a sweet bday present
0,are you serious biff
0,I am not poorly sick like but I am not a happy bunny I ache
0,ugh no motivation for nd interim report
0,Another glorious day on the Isle of Wight amp we have to leave amp go back to London BOOOOOO
0,Liz left today for China until Aug Meanwhile the only journeys Im taking are to the mall to work and pass out flyers
0,Everything would be so much easier if we lived in England
1,good job So pretty
1,need to get an intel based mac st but this impacts on dual core vs quad choice latter probably better for virtualization
0,Sooooo tired but I cant sleep
1,time to enjoy whats left of the weekend after a day in workhomemade pizza for tea amp cannot wait for a lie in tomorrow
1,I think I start loving FriendFeed
0,ow i cant move my neck or my back hurts too much and i dont know why D
1,i like to remember it as M goes with M ie Mallory Weiss is the Mucosal tear Then the other ones the other one
0,why do guys have to be such jerks alllll the time it makes me sad
0,I need a hugand less cynicism Its making me depressed
0,I think Extreme Rules sucked
1,kaathaala romba bore adichathu athan hws t hot hot weekend
0,graduation this week my babies made it im gunna miss u all so much congrats
1,yay twitter is back im glad i was only awake for minutes of this maintenance crap
1,Belgiums still the same
1,Amen And lets not forget the e GS title which puts him right next to Sampras No pressure Roger noooo pressure
1,I know sleep is so over rated who needs it right
0,Been working hard London had glorious weather came back to Kent and it was raining
1,i finally succumbed to twitter
1,please come to GERMANY PLEASE PLEASE PLEASE Love Your new SIngle Ladies Video
0,is still ill
1,listening some music
0,ALL NIGHTER Wish I was with but she has school tomorrow
0,Thunderstorms make my knees hurt
1,figured out the Internet on my new iPod
1,is off to the gym to do some hectic cardio training
1,have fun Youll have to tell me all about it
0,Aw sorry to hear that And it seemed so full of life yesterday Tbh the USB went on a friends WinMob phone Hmmm
0,Really dont want to go to work
1,Yes I really do
1,Watched the New Moon trailer just then now just have to wait for the next one
1,beautiful when children smile the world smiles
1,its not my job to know anybody anybody says so I would immediately keep distance with them
0,Didnt get to go to JP yesterday
1,Hey I know you
0,My poor doggie just had surgery and he is in alot of pain but we saved his life
0,Going to chrio then for blood work blah I hate being sick Ive felt gross for the last month
1,Yeah We see you struggling LOL Look after my lovely xx
1,is taking ESV study bible to church dispite chiropractors recomendations not to its big
1,Not sure my tweets will be up to usual standard for some days while I wake up
0,Writing an impossible research paper that is taking about hours more like Dreading the other essays I have to do nexttt
0,That IS a good one Too bad Im focusing on community mgmt Was thinking about bees wanted hivejive but domain name gone
0,missing California like crazy
1,Lol Your welcome Fifth Element is one of my favorite movies and well Star Trek is Star Trek
0,My feet are starting to swell Kinda hard to stand up for a long time
0,cant sleep whats wrong with me i love sleep im broken
1,Now Im going to cook something to my family I really love cooking and baking They calm me down and after cooking or baking Im happy
1,going to sainsburys n then cutteslowe after by the way this message is sent through txt not web x
0,has to start coursework very soon Jonas brothers presale tuesday D
1,please about marion cotillard
1,Its pm in the lovely Albany What time is it over there guys Love to here from you
1,Remote I prefer to be on site Theres no substitute for working with people in person
1,so Im leaving soon to go to a park with my mum but when I return we must watch LOST oh and Im on episode of BTVS
0,sorry boo whos wole bucknor
1,Or quottherequot whatever Its bloody early But insomnia fresh blueberry muffins for breakfast Mmm
1,submit
1,yup I am working today on my way down right now and gonna stop at Timmies as usual
0,Omg my bff just said he wouldnt kiss me
1,Hey the are doing a live web chat on May th Im inviting you jonaslive
0,Right off to work Only hours to go until Im free xD
1,boored and still doesnt get whats TWITTERsomeone plss explain to me
0,Just finished the first day of training with Sir Manci Learned a lot today and the training was great Back to work tomorrow
1,its night already That was quick
1,Filling up the paddling pool for the kids
1,work early emptied the dishwasher cleaned the kitchen and made coffeeand its only after
0,Im getting a headache in the left frontal lobe
1,power Advertisement how do you guys handle fax i want to receive them via email no hassle anyone tried MyFax
0,im about to hit followers need more come on baby
0,Im greatt Wishing i was at bamboozle though
1,Im still keen to look more at Android I have been flat out getting my new laptop sorted out
1,ooohh but a GOOD quotDquot and well worth it Whoever came up with that one is a genius
0,ouch sore I did use suncreamI dont know why it went wrong haha Had to sit in the cinema field by myself all night
0,Ugh Its such a banana pancake day
1,you must be louis Vuitton not reebokin while you drink that fresca
1,Why yes I can The Ultimate Vegan Guide by Eric Marcus You can always ask me anything you know
1,We have in extra GGUI donations and Ive been thinking that should go towards IPB total needed Can anyone still donate
0,Watching a progress bar go across the screen Very very dull and tedious
0,seanzy has a boo boo headache
0,youre quiet now are you finally in shock from your lack of sleep
1,bronzin my body poolside
0,Ass of a mosquito bite ARGH Its bleeding
0,Today is not a good bowling day
1,U know st date awkwardness Twitter is just like that But the more you hang out gether more comfortable u become
0,followers man i am a loser
0,Ive been feeling sick no I dont have a cough or cold all week
0,needs a new home
0,I dont know what I did
0,I really want to see Boys Like Girls tonight
0,ughhh arent you supposed to be able to sleep better when youre sick why cant i sleeeeeep
1,Shes cute
0,Im hungry la Healthy food is SO not satisfying
1,things I need rite now food car my negra lol
1,Was up to early this morning Went to the tip and everything Feeling tired now Feel a relaxing trip to the pub coming on
0,Jackie Brambles is increasingly becoming my favourite loose woman
1,yup am now complications were had so am home mending now good to be out of hospital missing the endless cups of tea tho
1,arent the st morning tweets the most excitables
1,Accompany Zakir to do his passport today cousin wedding on Saturday Need to eat moreIm getting thinner again lol Stresshead
1,I had so much fun with Dyson at the races tonight Im excited excited about girls night in StLoius
1,have fun
1,I can sleep in more Yay
0,Win a few lose few a with a
0,awh im sorry Myanalt
0,days until it all starts
0,omg dear meet me soon i have so much to tell you luh want to die want to die want to die
1,woh nothing judgmental here just a pure guess retrieved from
0,i sorry most girls are like that and its sad
1,playing some killer basketball with some friends
0,No imma c him latah dis wk tho ltSuMmrZ hrgt
1,HehneverIll never go red commieMwuahahahaha ROFL
1,Is lookin ward to a long weekend really dont want to go to work day tho x
1,OMG GUESS WHAT IM DRAWING hi
0,meh AM can go fuck itself with a sandpaper dildoI wanna go back to sleep
0,Midsummer festival in WoW has began so much fun I cant catch the damn torches though Any tips
1,Everybody check out s song quotYou givin me a rushquot its amazing amp its a version of s quotRush Rushquot
0,what was that prob joel
1,A squirrel says to a tree quotI did not store any acorns for the winter so I am deadquot It is funny because the squirrel is dead LoL
0,ok hours until jury duty not going to be a happy camper
1,hahaha okay i hopeee you loooose oh and i pre orderd new jb album and burnin up book and rolling stone posterr x
1,Just got sent home from school for being to far ahead despite missing weeks of school Woot
0,mee tooooo
1,Magic is on Aug st Sept nd Are you going
0,you know its am and today I have to study hard for an examIll be dead all day pfff
1,i have for itunes i can burn you the itunes copy if you want
0,depends how far the plastic is shipped from or is it recycled the best have your own bags and not forgetI tend to
1,Thats awesome
1,Sleeping Finally
0,Damn its gonna take a long TIME
1,right after being distracted by s wiki ive decided to start getting on with some of video stuff
1,looking forward to stephen porter and sasha in lush this evening getting oiled up as i type
1,yeah and flock of seagulls haircuts
1,Off to school on a Saturday Oh God Starbucks stop
0,I need a rd bedroom my game collection is multiplying
1,Awesome Well have fun in NZ
1,One needs to go further up the road Its only a bit farther than where youre at
0,Exams day College exam tonight
0,ok so I c I aint one of yo girls
1,I started off just messaging new peeps that appeared on old account but then thought may as well work my way back
1,Hey Long time no talk girl
1,Hi survey seems working now
1,WOW Free falling miles per hour in the air from feet altitude
0,quotMy heart sings when I think of youuuquot lt haha thats all I keep singing today Im craving cheeto puffs unhealthy
1,either way itll be exciting for them
1,About time
0,I am so lonely amp bored right now I wanna be with Ben right now
1,whoo ah whoo each night we have a walk it almost breaks my heart because im so afraid well have to part
1,lt When you guys doing a signing in scotland again there sooo fun lt XXXXXXX
1,Thats fine Better than keeping it dead right
1,Good morning How are you Thank you for the followfriday
1,happy birthday
0,Im dying to read it I hate England
0,no no no lol I cut my bangs like Kate Hudson in bride wars a few months ago and it was super cute Looks diff this time
1,are westlife definently coming back ive been to every concert in glasgow and last year got first row for the first time
0,sick of my home haha need to go out x
1,Yay youve booked your flight I wish you a smooth transition if you need anything please do not hesitate to contact me
1,Jenson Button wins from races Hope he can keep it up at Silverstone lol
1,if you had the test already how did u do If not good luck
0,watching the storm and csi its hailing i think
1,Ill be tweeting U during the hr tweetfest to raise money schools in KenyaEthiopia Jun GHNI via
1,If you find any let me know All I ever find is manga
0,Im scared that the Blink concert will sell out before I buy tickets Been a fan for years Never had the chance to see them live
0,Syleena is soooo UNDERRATED
1,BRITNEY SPEARS IS FOLLOWING ME how cool I should improve my twitters
0,is loving the sum day dont want it to go
0,I absolutely love this FINALE Couldnt see them in vienna but i got the dvd
1,is watching Titanic
1,Going to my aunts Yay Be warned She is a facebooker We will have fun though
0,really wanted to go to the bars tonight
1,Looks like you guys were having fun
0,hummm carrot cake is goood but not as much as chocolate cake
1,No one on Twitter has goodsex You can all pretend
0,drank a flat white from Flat White and has been reminded that he hasnt been drinking good coffee regularly
1,Do you have a Canon EOS D Rebel Ti Come on Take the camera into the pool and make pics
0,Our power got turned off sweet mom not paying the fucking bill All my groceries are gonna go bad
0,cant think up diabolical way to steal your erries
1,Well I guess he has had a fair few silverstone specials already Going off your profile pic your a Lewis fan
0,Didnt go out or to the cinema tonightjust to save money Heard the film was good amp ohhh all the amazing people at the Union tonight
0,this night is a bum
0,I agree I apologise for the stream Unfortunately this is the only form of negotiation that works
0,sorry Thats very
0,Its so nice listening to the rain on the roof its really hard to get out of bed Oh well suppose I better
1,eatinqq beef patty
1,White water here I come
0,same problem around here no rain yet but clouding over
0,Candice i dont mean to bother you but im really sad that u got released
0,just used my new DevaCurl diffuser LOVE IT stars not liking my new hair cut though a little too short
0,Then you are lucky Gotta get out hate ATampT
1,Just finished the nd shopaholic book going to bed now back to school tomorrow
0,yes again i wont have my pictures up until late tomorrow im on my laptop in the hotel but i forgot my camera cord
0,Is chilling out on a sunday evening before going back to work tomoz
0,MOT didnt go vwell
1,Apluskare u tlking to me
0,just had a nice lunch now its time to relinquish control of the laptop to the girlfriend
0,need to lose weight
1,Good talk with mom now off to spend time with some friends
0,sounds amazing How did the yard sale go I wanted to come but I had to work
0,and guess whos landed that plum job Moi were hosting big conf on July st and sen dep head wants them for then
0,worse than i suspected she was so disgusted in me she wouldnt talk to me i had to talk to the dentistryclasstaking receptionist
1,YAY WILLIAM i saw your video and im sorry about what happened i hope it gets better soon
1,In great spirits due to a beautiful day in a great city plans for shopping and an anticipated visitor later
1,Thank you very much everybody for the kind comments about my design work Im flattered
1,Coffee date with the ladies I see Cotie in a few hours lt
1,as part of your goode job shot you should come hang out here and talk wine Thanks for the love
1,Danny PLEASE PLEASE PLEASE say Ich liebe Deutschland pleeeeease xx
1,thinking of school and blogging too i loveee robert pattinson
1,follow the beards
1,Now that I now youre an owner Ill try it out Theres one here in Roseville CA
1,My movie not working hate you internet
1,Daft punk can cheer up any situation
1,Off to the Garter Ceremony at Windsor Castle
1,Plan for today have a bath get ready eat get to the garden amp get drunk and then tomorrow its my bday at last
1,Why is comfort food always bad for my health Had the avocado bacon cheeseburger anyway to help concentration
1,I have just decided my job when I grow up is going to be work for the jonas brothers and help create their tour
0,Ugh jason set the alarm for then got up and turned the tv on
1,Are ChesterQuest runnerups invited to send you more recent samples Id love to see what you think about my current stuff
0,About to go and have supper smells delish But have to wait for Mum and Sister to come home dammit Whats everyone up to
0,not doing relay oh well
1,awww well sleep well when you fall asleep
0,I wish I could wear sweats to workbecause its one of those days
0,im bleeding i shaved my legs and now im bleeding haha im a loser xp
0,I hear that I dont even think I can go to one show this summer
1,Cousins graduation
0,Just pulled up th row dead center Britney seatsbut nobody to go with Ugh
0,Aww D Its not your fault as much as Victoria is very very mean
0,Im Confoosed Haha
0,hee yepp i have to go to cottage soon grr
1,i have dual monitor osx and dual monitor win setup to clarify i can use the win duals but only mac
1,really i interpret it as yes i can do that amp not bother u further hav said to bosses in the past
1,someone is happppy
0,LOL
0,nope Still on the search gt
0,Those are some really long hours hope you get a break soon You deserve one
1,maureen on screen
1,The best band Twitter Bora fazer as faixas
1,is happy that today is a good friday don panic be happy
1,Oh thats cool My ex had a band so I spent a lot of time home alone At least youre bein productive tonite
0,crap I totally forgot Bout Daedalus Glad you enjoyed it at least
0,went to the doctor on vicodin and crutches yay me
1,hey Lisa cant wait to see you in the US looking forward to pretty reckless as well take care
1,did a really cool thing with a bubble video that might be worth looking into too
1,thanks
1,awww okay
1,hahaha thanks Katie
1,has good girls go bad by cobra starship and leighton meester as her ring tone
1,chillin should be sleepingI miss you hun
1,LOADING watching nothing but the truth
0,Getting ready part with lappy so that it gets the proper treatment it needs from support clearing all personal stuff b sending it
1,is heading back home this afternoon after a great weekend up here
1,Metro Station are in philippines Fly me home
0,just bought a new blush But things will NEVEREVER be the sameGood bye indian dust I will love every mark you ever left in my clothes
0,ive been on facebook for an hour and a half and i have of comic done i need done for today gana be a long night
0,I hate mosquito bites especially when you catch them sucking up your blood F EM
0,Nobody got a nice quotcleaning the housequot playlist for me
0,is gutted Grrrrr stupid quotwhat ifsquot flying around all over he place
0,thanks I just miss them cause they are at work
1,damn i havent read any more of breaking dawn but ive got loads of piano music might just go and experiment with them
1,yay for the return of teaser tuesday
1,just got Twitter
0,is going to cry like a little baby at her sisters recital shes growing upppp and im going to miss it the next four years
1,ahaha the McDonalds part was hilarious hope your having funn
1,oh ok come the venue early
1,yeh so excited xxx
1,my smile technique so you wont see my pimple hahaa
0,Hahahahahaha fuck im so gay with these shoes
0,i tried it didnt work
0,so bummed about not being able to go see this weekend i miss him very much
0,yep slept in yesterday and until pm today and back to bed now work in the morning not another day off til NEXT saturday
1,just ha dinner at We be shushi We be happy
1,New love REALLY
1,Fingers crossed and all the best to you Like millions Id love to be in your shoes Maybe just for the launch part though
1,thank you to everyone whose following me once i get to a PC ill follow u
1,Did you see the dinner photos that i send to you
0,dang really omg it was just online its sold out now
0,I never really feel well I have a lot of health problems so my body is pretty weak
0,my engagement ring just exploded
1,Yeah just wrote something Just published it actually Have a third glass of wine left Bed soon I guess How are ya
1,Owwwe Is AndyP in London Yeh probably if its anything like the weather here You say take a brolly I say take a cab
0,beloved Nanaapple is sick
0,Just watchin big bro cant stand freddie
0,im not stoned and i never said i HATED you
0,Well no not really but it still makes me sad
1,Thank you
0,im sorry hope you feel better i have a massive headache if that makes you feel any better haha
0,that y Im kinda ify on getting one I miss the button being there
1,hehe good one
0,did I miss Megan Fox I had to leave my house
1,any evening but Monday and Wednesday I have class those nites Otherwise Im good So excited Do u need ribbon Sheri C
0,Happy Birthday Leia Sorry I cant be there Better get your ass back here
1,Thank you
1,cant wait to worship with you guys tonight itll be so much fun
0,aww bless her give her a chance
1,I dont think so And maybe we should call the cat Flugel after all Ive always wanted to meet a alcoholic cat once
0,Think Ill have to try Cocoa single bed in digs ha Thanks though x
1,I had forgotten just how lovely Loratabs are when in pain Maybe sleep will be in my cards tonight
0,history ampamp english finals tomorrow ugh
0,my haircut sucks
1,Now a days its not good to be married to a liberal I already stay in trouble not agreeing with her even more so now
1,How is everyone on this fine Monday what is everyones opinion of the new Wolverine movie
0,Just got on to do college work thinking bout my baby darnell
1,i have far to many random updates than im never gonna reaad and HEIIII CHANNELLLE
1,Congratulations on reaching over followers You are much loved to have many who support and follow your tweets
0,I think Ive become immune to nyquil Wish I was at Wish with all my friends Oh well stay home one night Live to party the next
0,because they think they R above gods law of nature they seek cheap thrills and this is the price you pay The Ultimate price
1,nope i am infact superwoman
1,Tonight was supper fun Chilled with some this cute guy and two pretty girls undercover thats always enjoyable
0,Can Not Wait I will stay up to see what goodies you bring since I am still waitlisted for you TSV
0,what did you do
1,lazy friday night with my chicas
0,just woke upp wanna go back to sleeep
1,i missed wearing jeans
0,sad punky sad thanks for stopping by
1,me My MacBook is packed with GA music haha
0,just had somebad news i hate hearing that sumone is upset im upset now xxxxxx
1,Just saw Star Trek again and it was just as good as the first time That says a lot about a movie these days
0,Missing hailey a lot playing guitar
1,My internet will be up in a day or so once they fix the wiring so Ill be able to send then Nice seeing you too
1,yes is on Twitter
1,Lovely day in Abingdon driving to North Yorkshire as soon as weve got everything together hope Sun stays with us
0,Wow followers I only have
1,Thankfully theres Stanley cup hockey on to help ease my bummedness about Phish Go RedWings Less then hours till the puck drops
1,Aww I love Tom Milsoms music Think you dont get enough appreciation
1,and that is why Jeremy did not ride the bull Although I told offered to do it I said make it
1,you could always go to Seattle I think they should have some cool places
1,chateando jeje
1,and to clear it upthis wasnt an insult love ya could you say to clear sth upalso etwas klarstellen
0,Just waiting out a possible flood and tornado watch and or warning That time of year I guess
0,is so going to fall asleep at work beat last weeks record of hours this time i slept for hours
0,I agree Im trying to finish my thesisand so far its not going anywhere
0,Stuck in a queue waiting the kids to finish in the bathroom As usual Back to work today Enough said
1,kenny chesney concert was amazing i LOVE sugarland
1,last night was well good Charlotte amp Imogens are awesome
1,Haha sure doritos are yummy especially chilli heatwave haha XD
0,is back to work squarespace
1,wow i will need to adjust my sleep or just wake up like this at odd times well i do that anyway its how i roll hehe
0,my mom TOTALLY freaked me out She started talking about this girl getting raped in cincinnati and i was like quotshut upquot
0,I was looking for it But Target doesnt carry any
1,Just met a friend I like Shes one of my friends I went to Franbe with Talking with her made me happy
1,Just came back from watching my brothers play seven hours of volleyball with amp Alex Smith Fun but very long and tiring
1,Maybe ill make a video and show ya what this beautiful place is all about
1,Lol thats what i do too just travel to school everyday and fridays and weekends off
1,Youre welcomemost enjoyable to read x
0,I have to go mow
0,cheer up
0,i thought next week was my ONE week of summer off but i just got an email saying i need to be at interviews for the new res life guy
1,Were having Leeky Linguine with shrimp and sour dough bread on the side Its super easy to cook and tastes delicious
1,obviors al desayuno oye british te quedan meses en Shile
0,Julian rd Place Well Donee Flawless Noooo
1,ahaha muy bueno the lion sleep tonight
1,Is perfectly cooked and delicious not an option
0,ugh what a pain It has happened to me many times
1,Still Learning But Always Want To Rock Whoot hehe LOL
1,Mojitos are really good Hanging out with the Covas family for Brittaneys graduation
0,Tummy ache no bueno
1,Thanks
1,I still have the blackjack
0,I have a tummy ache
1,LOL exercise yes brain gym yes i did
1,Buon giorno After a marathon day yesterday I dont think the jet lag will be too bad Coconut gelato is currently my favorite flavor
1,Aaaaaaaah that sounds Mental
0,I really dont wanna be a vampire loving tween
1,thanks im happy with how it turned out
1,i voted for you hope you win some great awards good luck and praying for you
0,Celebrating my aunts birthday party without my honey
0,didnt end up going karaoke tonight im sad
0,aw stinks You were up late
1,iPhone SDK amp I are going to become friends today Even if it kills me
0,needs heLp from a wordpress theme expert
0,So now Im blocking some spammers I dont like to follow interesting twitters anmore Maybe later
1,that classic help desk responseturn it off turn it on again Glad it works now
1,that exciting huh
1,you guys
0,I agreekids get so sad when theyre sick
0,God damn were all quite emotional right now involving NIN its probably good I let some of it out at the PA show
0,i caught my dad with my gf
0,Trying to get in some soccer practice before it rains
1,cheskalabbyu thanks for following take care
1,is enjoying the beginning of her summer
0,Back at school tomorrow I hope I miss everyone
0,Wishing I was on that ship Hope youre have much fun miss you lt
0,says axar ns ndeh mkpgdecide kung kelan first day
1,MAD LATE But GOOD LUCK
1,It Aint Over Til Its Over
1,the new moon teaser is great it must be the new director jacob is a hottie now i wanna see the rest of the wolfpack though
1,On our birthday i am definatly coming down to regina n we will party it up cant wait haha
0,Feeling sorry for myself cos iv hurt my foot and i so wanna go out and cant
0,phone isnt sending text being gay i got all yours though better tell me hold it works tomorrow
1,Does your skin care routine keep away redness wrinkles and acne Mine does wwwvotrevucomsocalbeauty Want FREE samples
1,back from the blood test now i get eat
0,it was a mutual agreement to break up hes okay but shaken up i feel so crap
1,Thanks Hahah well hopefully your internet gets fixed soon
1,Still cant believe that im in Smd
0,I miss laying on his fat belly while he runs his fingers thru my hair
0,is sooooooooo sorelike everywhere hurts
0,Ordered this shirt then yelled out loud for not getting you one I promise I will in my next batch
0,Im fine thankyou apart from a bit of hayfever How are you doing
0,aww poor bdooey wish could be with you LOL btw me too im now alone in my bed i started trying being alone during night
0,Something can be technically accessible but not as usable as we might like
0,getting ready for work
1,and after all youre my wonderwall
0,hope you guys come back soon ohh I wanted soo bad to go to that soow cant believe I missed it but happy you guys enjoyed
1,Today shall be great
0,I CANT BELIEVE YOU WIID WITHOUT ME Thats what I get for leaving the country I love you Youre gorgeous I miss your face
1,ohmygoodness I have been saying quotprophetessquot for years I think I even screamed it at a concert SO EMBARRASSED
1,got any pics of the whole jacket
0,cant believe its my last night here moving out in less than hours S lots to do and i need some sleep
1,help Im getting addicted to twitter working at twitting at the same time
0,doesnt really get twitter
0,On my way to San Diego for a few hours then back home the same day The beach will be just out of reach
0,That is so cool I want unlimited passes I was thrown in TJail times yesterday amp some of them I wasnt even tweeting
0,I feel like theres school tomorrow Most likely there will be NOOOOOOOO
1,now I am
1,Hey Lady how you been
0,im mad I missed it I couldnt wait all day to watch it
0,haha no right outside classrooms when i was walking down to subway my leg is ok just my head is sore
1,Observation after hours of Russia I think they like being pessimistic here rusland
1,Fun my daughter also lead her CS team I love girl gamers
0,Forgot my friggin sandwich at home again Fak
1,
0,so I just had a violent fightclub like sex dream involving heavily tattooed ladies I didnt wanna wake up lol
1,I guess I should dye my hair tonight since made it painfully clear to me that my roots are showing
1,Yeah they are quite uncommon I only know of them thanks to Gran Turismo
1,Vienna Bounce bouncebounce
0,Please upload photos onto the FB FORMAL group pls make my life easier
1,we did pretty well We had people all day and made about We are going to have another one in weeks
1,Watched Hes Just Not That Into You and Slumdog Millionaire Enjoyed both the latter more though
0,bummer
0,Aww no way Not cool Sams here yo We just got back from Sagada I was soo hoping youd come ovaaa
0,miss being my daddys cheerleadr and i got told by some chick that i dress ghetto I do not
0,im writing my book apparantly its something every good copywriter should have Working at boo
1,hi sweet pea
0,I really wanted TR to stay Im glad Katherine is though
0,My saturday turned out GREATTT But I still MISS AMY
0,You knowits really sad that u know that ur classmate dont care about you sad memories TT
0,I HATE these young passengers UM why can they get on the plane before everyone unfair
0,wachting American Idol we know Adam Lambert lose I suport Adam Lambert
0,have you seen the skeleton bikes yet then mark the spot of dead cyclists mangled bikes painted white not nice
0,so bored
1,Night all Only hours of sleep last night amp I was cranky ALL day Short with everyone Tomorrow I shall have more patience amp bk me
0,But but my job is on Facebook
1,going outt for supper tn Happy Mothers Dayy
0,Ugh Im so sleepy I think Im still kinda sick
0,why does it says that Im following when Im only following
0,Studying for dumb exams then bed I really wish that exams would be over already
1,is getting ready for a day outside I should go out and mow the lawn and then golfing this afternoon
1,I wont get a chance to put in my FOB question in so Im a little bummed but Im watching Jim Gaffigan King Baby so its all good BACON
0,I can do too Well whatever my iPod supports
1,Depends which side Will be either quot or quot
1,Going to Tramici with her amazing boyfriend I love you Ford
1,The brew looks delicious
0,Bummed out my phone stopped working battery is dead and i forgot to charge it
0,It is Monday morning I am starting a weeks holiday and it is raining
0,I just said goodbye to some friends Hope Ill see them again Tomorrow Sweden
1,is playing around on facebook then im going out before i go to work x
1,At first I had my doubts that nextMEDIA tech crowd could pull off the party at Aurorabut damn was I wrong Goodnight everyone
1,thanks for the follow x
1,I just too my first breathalizer and passed Yessss
0,I found my first gray hair a couple years ago It wasnt on my head True story
1,LOL I love ur sense of humor Id better nevr let u find out bout my most embarrassing stuff Ull nevr let me live it down
0,I believe so was there a reason why it was cancelled
0,I hate yall
0,Boobs should always outweigh the buttonpushing desire My heart weeps
1,getting all the writing off of mee fun nightt
0,exacly
1,Off to explore Buffalo by foot
1,Goin to church
0,yes yes you may i found pairs i like shockingampalso i cant go shopping tomorrow so will have to find something else
1,didnt know you were watching the new Dr Who I like the show and the Dr too
1,Exactly which is why I suggested it
0,wish a never got the daft tattoo a canny sunbed lol
0,Sorry Liam I have to take ya off my list Youre spammmmming me Ah ha ha ha Youll never know anyway
0,Hi Ali I can only DM you if you follow me sucks huh PM me through EKM if you like Gaz
0,running errands and work at fouur
0,At work Rockin The Killers in my quotofficequot Boss made me loose the Mudveyne CD LAME
1,Gday mate
0,nooope its long gone getting an iphone soon
1,Oh and did I meantion that I bought a Crackberry just after midnight Yeah Should be here tomorrow afternoon
1,are you eating out Just posted some great restaurant deals incl free meals
1,Oatmeal Raisin Cookies
0,Off to hunt ladies See you later OOC doc appt and work time Ill be on around my time
0,Poor DCDs On eammons show this morning on live His last one
0,Is a fake
0,Shopping with sis and Alex I dont feel like shopping when on vacation
0,if off to the supermarket to beat the lunchtime rushoh joyI love grocery shopping so much Ill have to get back into doing it online
1,yeah normally i do when im out with my older cousins but my parents are just stricted But im a junior CLASS OF
1,Finally got twitterfon up amp running
1,Going to the car show today cant wait
0,correction she has spiral meningitis
0,such riveraments
0,im seeing mewithoutyou that night in NYC otherwise i would go
0,hey when you you be back up I miss you
1,omg How mean Theyre adorable
1,I will be changing the picture of the Flip Flops so you can ALL See what is on this Site so you can see the Products and Colors in there
1,now holds the Guinness World Record fm one in Million
1,Im so excited have a fantastic day
1,Oh I hope you and dont have to wait that long either
0,loving the new tat but hating no pool for a week
0,I have been placing the same legal ads on these sites for weeks Now they suddenly decide they are illegal and ban them without warning
1,Thanks so much I just really wanna hear his commentary hahaha Im almost done watching all TV Whedon Im up to Spin t
0,You a fan of Ross Noble He once picked on me for a WHOLE performance here I was the Awakeners Girl according to him
1,found out about the earthquake on twitter didnt feel it one bit because i was driving
0,brother do you have itunes on your computer Katie downloaded a game and we cant find where it went
1,Happy Birthday Hope you have an awesome day
1,SWEEET Now thats the kinda news I wanna hear haha
1,work again only more days then days of fun at the track
1,yay party tonite tried getting ready for it last night but was so tired it least i know what i am going to wear
1,Movie day
1,lol no im not a quotlogo designer personquot per se lol but i happen to be good and everything but a pro at nothing
1,i love my life but im tired so im going to bed goodnight twitter
1,I take it back You called me last week and I said no You get a pass this time but dont let it happen again
1,At work latte is now rushing through my veins HELLLLOOOOOOO monday
0,hey so steph texted me this morning and said that they would be picking me up around
0,Tough choices Pay my phone bill or go to New York unfortunately they are both the same price
0,Hubs just announced he needs to cut the grass I responded with quotAre you trying to put me into an allergy comaquot I shall stay inside now
0,Heading to AIM to get my test done and then driving back to SD I dont wanna leave But Ill be back up tomorrow night Love xx
0,I have an ear infection and getting on a plane in Hours
1,I agree it doesnt match my eyes and it makes my skin tone look pale
0,I have officially lost my voice today
1,Ive been laying awake in the bed for a half hour maybe its time to get out off bed
0,good show for you guys i wish i could be there to see you
0,my tummy hurts
0,I think Im gaining weight I think I can rightfully blame it on not having a lot of money to spend on food until recently
0,Reading tweets till I fall asleep have a toothache
1,SOOO good seeing you
0,Why must you be tired right now
0,No FF for me this week as Im only working half day and no iron and Timeonline is due by noon today Sat shift is on this pay
0,Finished the last of the seasons of Gilmore Girls Miss the Lorelais already
0,yeah passing out drunk is no fun
0,I need dinner but Im still waiting for a fax from work Also I have no food Attn Need partner who cooks I am inept lol
0,Today has been unbearably long Everyone i WAS texting stopped
0,lol going through my imageshack i dont know where this wind chime is currently sadface
0,I think Im too dumb to apply for Realise Your Dream
1,so stealth I got the movie gonna go watch itMethod Man and Redman are life
0,oh how im going to miss you
0,cant sleepgo online hahaha and misses you too
1,Glad to hear it
0,my ipod has forgot how to shuffle
1,
1,i just hooked it up to my cell You just texted me
1,Amazing person and a leader Now its time to say a big thank you Dial my number any time as You will always have me as a friend
0,thanks I had it there but then my ff crashed and half of the links were not saved
1,they should bottle it LOL
0,YOU have to win if you dont ill be sad
0,get well miss you already here in manila
0,I am helping a good friend get setup on Linkedin His company is in the process of layingoff
1,Nawww Congratulations Lynz and Gerard on Bandit Lee i honestly couldnt be happier for you
0,yeah both were really hard i thought
0,i wanna see mcfly here in brazil again
1,wtf are you still awake I wanna go swimming
0,Thinking about my honey and missing him
0,Chillin with alvin x sammie x sneaky Camilles cotillion was fun Sorry koosho and lftd Wasnt in the mood tonight
1,I hear that Washington is beautiful
0,feels like i ruined all my invites
1,Am bout go sixflags and ride da new terminator salvation cheeaaaaaa Haha ltLuisgt
0,wow that is so shitty
0,hope everythings alright with u hun saw it at tha telly theres a lot of water in austria ta tha mom
1,Went to the dark side and rooted my G
1,Girls Are we having dinner on Wednesday With Mels and Pews
0,thinking of this problem i dont know whats going on actually
0,Ugh I have the worst timing Or maybe Im horrible at picking up signs Youd think Id have it figured out by now At least a little
0,Nooo I just couldnt I thought under the cover of darkness Id be ok but was spotted and the persons dog ran over to me
1,Camilla I love your eyes You have the cutest face and the most gorgeous figure Really good actor
1,installed windows on laptop so far its A LOT better than Vista Think xp will finally have a successor
1,You should ask if people want to see kevin jonas in a leotard
1,love spain its so much fun
0,Everything will turn out okay
0,Futile because of who is in power They wont give up easily Too much promising young blood already shed Stop Khameni
1,thnx appreciating
1,Sweet me too i cant wait to tell the receptionist in the Doctors office about it she likes hearing about our adventures
0,dentist soon S n av had nosebleeds already today really isnt goin well lolz x
0,i like how my mom always meets famous celeberities johnny depp marc jacobs hallie berry bruce willis amp now cameron diaz momgtme
0,Please read my blog Im not having the best day
0,If its any consolation Im missing the sun too because of work
0,got to go for lunch now oh joy im feeling really lazy right now so i really really dont want to move but im going to have too byeee
0,im very bored
0,Some get me steamed shrimp please
0,exactly thats why no one hangs around with me
0,ahh too much work im gonna have to skip walking home for lunch to watch cartoons
0,No not with you I just dont feel good I have a bad headache
0,bucks left in my bank accnt oh how the mighty fall
0,exactly whhhaaahhh crying
0,thats one of the downsides of my job no stock dealing shealing allowed
1,fine its OURS
1,thatboy Your welcome I like your posts
0,Oh Is it
1,Ouch Their biological clocks are quiet wonky arent they Hee B loves schedule As long as it doesnt match mine
0,PS Totally understand about this weekend Im just a temptress And I dont think well be able to make it down this week
1,ilove everything old school
0,eaten way too much junk food feel as if im about to explode not good
1,gt quotstreet dreams are made of thesewho am to dsagreequot thrty LOVE THS SONG
0,yeah
0,ahhh katie thats my favourite film i bubble all the way through varnie espesh at the last letter xx
0,What a great daybut I have to trudge around Tescos shortly to get the weekly shop
0,comee bacccccccckkkkkk oh my mom saw the on my phone today haha she was like nan and i told her you wrote it she w
0,why did I wake up at am on a Saturday WHAT THE HELL IS WRONG WITH ME
0,Home from the theater Great movie and time with my good friend whose moving to TX next wk
1,do it Ill follow and contribute
0,Its too early Working then sleeping then working All day till am tomorrow
1,for realz Safe travels hope things go much more smoothly this time around amp that you are having a great day so far
0,I really hope these pain killers kick in soon
0,How did you ge I cant get it yet This makes me upset do I need to get iTunes
0,no coffee then meany
1,friendly yes harmless yes Classic reading girl yes simple not so much Whatcha writing
0,It sucks when i am finally getting comfortable with the guy im dating and my friend decides to spoon me
0,ahrrr not fair u guys have is and Im going to have to wait to play ah well off to crocodile isle insteadshoes
1,mother daughter Let us know what you think
1,I wish You want to fly the team up
0,Bah Exciting stuff from Kimi wish he wasnt full of fuel though f
1,catching a flight in a few hours surprised when i woke up from a short nap all my bags are packed thank you mrs ash ill miss you
0,itS WAy tOO EARly
0,WHY ARENT YOU GUYS COMING TO TORONTOS WARPED TOUR DATE same with atl whatta dissapointment
1,well when I have to move again I know where I am going yay lol
1,Congrats James Im sure the book is going to be a huge success
0,OH fuck you insomnia my neighbors rooster is crowing already am i hate you right now ill totally ne
0,Lol ur sooo mean
0,I re raise stiff BB pushes and I call and guess what he had Not my day
0,a draw against serbia useless back to chuck season
0,Tricias party didnt happen but acht weel Spent days with Becky it was so fun What a good weekend School damorn though
0,no telefone com I MISS YOU SO MUCH GIRL
0,It was verry nice yesterday she is still here she is going around PM I will miss her
0,rainy day Home do what I love to do WRiTTING MUSiC a dream dat I gave up on a long time ago
1,Hmmm YUM btw why you have so many tatoos not like i hate it or anything lol x
0,NINJA tomorrow CANT FUCKING WAIT Hopefully we get some damn sunshine
0,ugh this is hard
0,Shit I lost my HK debit card
1,Going to sleep Have a great day to everyone
0,the stickam isnt working right for me im so hot and i cannot wait to leave this camp
1,the Red Sox got a home run
1,hi bill thx for the follow you do a lot of affiliate marketing ever tried mktg your OWN thing
0,I feel like I should change my picture but I dont think I could part with my bff Audrey Hepburn
0,diff businesses enterprisemore heads cf web goog and consumer aapl still efficiency quotis the new mantraquot
1,Had a gooood wekeend now having a biiig breakfast to then do my HW and have the night off
1,the bahamas is the best place ever to relax i cant wait to go back
1,Allright Good night amp thank you very much hugs
0,Ive been up the whole time and I havent learned a thing and Im about to sleep What am I doing wmy life hahahafail
1,no prob im glad youre enjoyin it
1,thats what im listenting too a fine album
0,damm has a new loadingtime and i cant watch as a sleeping brother is next to me
1,cool nachos have yew talked to jayk or any of chur friends that chu might of mentioned once of twice
1,well i said that cos obviously Shaun lts himself alot so i lt you alot hahahahah
1,maybe someone on here wil recognize him
0,aww bubba have you studied yett ive been out all wknd and i just started and its so damn hard to remember errthing
1,is watching a young Red Devils team hopefully we can win
0,cool me too Im thinking I would like better tix for Houston then Dallas since its the last one
0,tokio hotel and won tokio hotel thats bad
1,Go for it Bridezillas is a good topic Plus u have first hand experience
1,Feel abit poorly but okay otherwise Hungry tho as always You okay shiney boyx
1,eating
0,Boo hoo Nadal has pulled out of Wimbledon It just wont be the same not being able watch him pull his pants out of his arse
1,I kno So I change that to ughh
0,youre alive We miss you
0,Dang it I hate it when I use the wrong theirtheyrethere and dont notice it until after Ive tweeted it
0,I guess mad at me because my message to himHe made update a little I felt guilty myself about hope im wrong about my thought
0,macbook air has arrived have to wait till till father retturns
1,if so can you share that Tupac Memory with us
0,in IT and cant find anyone
1,i started with my iced coffee as well happy friday
1,very good manners
1,aww i think someone put it up on youtube lol
1,Having been at work since I suppose one could leave now except it being my first day and the CEO is seated behind me still
1,lol i like challenges the more impossible the more i want to try
1,There sure seems to be a lot of Cromarty in your life today Hope the weather stays fine for the fence painting
0,exhausted and I have a brutal headache
1,thanks to everyone following me i have a bebo
0,Haha I growled at my dog and she tilted her head and gave me the wtf is wrong with you look then walked away
1,on the way to the airport
0,feeling a little sick this AM
1,Remember me
0,Just found out someone Im interested in is married
0,I really wish someone would buy me lunch im starving and i left my card at home damn
0,wow girl look at that old phone in the pic you look cute with bangs HOW do you get the ringlets not like I can do it ha
1,for my very short followfriday some new tweeps that I have found very interesting
0,Just scared awake by my dog having a seizure
1,Twitter often does weird stuff
0,finally got watch only bit of asylum I was interested in Jensen talking about his Dog I miss our dog one day I shall have my own
1,lol nooo Ive been on here for months and have a way worse attn span But ok maybe watch out for me
1,right I am off to the hospital seeya later
0,WHY COULDNT I SEE MCFLY WITH THE JONAS BROTHERS TONIGHT thats like my dream come true
0,Working Still working Fortunately there is nothing on TV
0,So sad I missed avatar week
1,sending out paper work to tax commission to have the process to get the title for my bike so i can do the major repairs
1,Highland Wildlife park today yeyyy Yuri and Sasha the tiggiesshorrttssssss aye
1,Oh Im a girl and gaming computers are awesome they support better graphics and sound so games are pretty and dont lag
0,Yup sold outI tried to get another one last week and all gone Still looking round but nothing yet
0,has to wash trucks today they arent even mine
1,well good luck
0,whenever i get the chance I work and have no car
1,Ah mate enjoy Well be thinking of you from the stuffy halls
0,Unplug one pc to plug in another Once done with the nd pc plug first one in again but power button no longer work sucky Sunday
0,Im so low right now I could really do with something happening in my life fairly soon
1,septum and you are coming
0,Bad weekend start off got two injections in my butt for migraine pain and deeply feeling like killing my dentist for screwing up my jaw
1,Working hard on a beautiful day Yeaaaah in St Francis WI
1,myweakness Is music and i live to meet the people who make it
0,well thats not cool at all your tweet mislead me
0,me too Theres gonna be about more chapters oO So I think there is probably some heartbreak instore for Tom
0,arrrgh at least you got into stats i failed diagnostic exam so i lost my spot
1,Morning world Its a beautiful day Heres hoping for some pathetic fallacy
1,well if you are ever bored Id give it a go
1,Mornin all Slept thro bleddy alarm again Im sooo late followfriday recs to come later in the day Have a good Friday
0,still sick and is not happy with it
0,Right time to repair bathroom after flood and also daughter pulled fittings out of wall Then lawns then buy boat cover
1,so tired waking up at D mathh finallL then win then homelt
1,is shattered but happy that she completed the Race for Life
1,getting ready for Jonathan Coulton and Paul and Storm in Atlanta Hoping for First of Mayquot jocorequests
1,Carlton better get on it I just lapped him followers as of this morning Travis Im comin for ya
1,hell yea cutie
0,is really taking life hard right now
0,nope thats what i didnt get to have tonight
1,changed my profile photo Hope it looks nice
0,I hate it when that happens For me it seems to happen when the can is completely full
1,In fairness He smells good
1,it would be fine if max and erma gave away those tasty salads each day lol
1,cant wait to get away for the weekend finals tomorrow and off to the river to get my tan on
0,Only hour minutes left of work Better get back to it then
1,Arrived at Funchalvery hot and beer cold pics later
1,Try addingchanging bio It worked for me for some strange reason S
1,maybe coz of hight hill Tc
0,WEEK WI Hellooo everyone flowers Wow its feels like AGES since i last posted I just started my new job
0,noticed this morning i have a buggered knee now ive noticed it it is constant painbad timessssss
0,yeah thats what I am thinking He gets it a lot
0,damn it pages left with less than hours left and Im out of things to write
1,sign up for the Mt Dew sweepstakes and win prizes
0,I dont want to be a terrist
0,Its usually the sulfides All wines have them but red wines have a LOT
0,Just spent a frustrating hrs getting Does anyone know how to get my apps back in line They are scattered across pages
1,annnie babes i have to revise for busman give me sympathy hahaha
0,is tired of putting forth soooo much effort and getting nothing in return
0,Thinks hes getting sick
0,have to do soooo many things to do for schooland its the beginning of summer
0,Going to school soon I have a stupid field trip too
1,thanks no wonder I couldnt find it I ll take my out of the mattress now
0,thats because you suck p lol urgh I still not feeling better lol
0,hey Tom Im waiting for you back to Brazil cuz I didnt go to your last concert here are you coming in October
1,LMAO woohoo You made me laugh big time today Thanks
0,its over now but i watched it its one of my favorite movies
0,Im having the same problem
1,Night
1,I have been cabbing cos can claim from company muahaha I miss you guys too
0,suntanners just woke up amp is already tweeting amp facebooking how sad
0,im super sick and I dnt like it
0,shame and youre so close to launching oh well the munney grubbers come out when they see a good thing like the your
1,Finished the first day of Bridges Exhausted but happy
1,thanks including me in your shoutout
1,ah how lovely i hope you have a peaceful and relaxing day truly cannot wait to see you in australia x
1,Ah I figured you probably were or kept a very punishing schedule
1,you asked about my SF schedule dahlingmaybe next time
1,Note All Premier Issue Arriving October instead of September Extra month to get it juuuuuuuust right
0,less than an hour if she actually gets out on time
1,Waiting for mum friend to come he gonna teach me how to drive a land rover luuv big cars
1,Got back from working at the Fosters then hung out with Brooke and Holly for a bit
0,Waiting for the call Nervous Anndd I wanna go back sleep Gotta work tonight
1,aww thanks its getting better yea how are ya so far lt
1,awww ull get it soon enough
1,Want to swap
0,me eitherthat sucks Im sorry
1,Your target speed for our quotracequot will be revised accordingly
0,a little
1,just had lunchlol btw good afternoon ppl
0,Foolishly I typed mrketing in my last Tweet but with an A not an Now have a shed load of related bots andor twats following me
0,I need a bedtime story
1,please tom say hola to the argentinian fans
1,Go you Only more days to go Have you tried doing doubles
1,Hope youre mending up well I look forward to seeing you buzzing around France soon
1,haha of course Id say that the Dutch are just a tad cuter But still berlin and its inhabitants are the best
1,well technically May ran outta days you amp I dont have to call it June if we dont wanna lol
1,Im gonna cuddle with my dog and play Donkey Kong My life is pathetic
1,And I DO love Mars Planets Loved them before they were out in Germany British shops are the best
1,Hey nice new pic Sounds like you had a good trip
0,Im sorry
1,Of course as always Jerry wants some tweaks to the covers Bah It wouldnt annoy me so much if he wasnt right
0,its not raining Finish your work Gar
1,thanks we had a good team working on this More stuff to come
1,por fin viernesssssssssssssssssssssssssssssssss
1,welcome moma to Twitter
0,being updated to have multiple skins for different GT members Nightmare k of CSS to hack No time to redo woe is me
1,Enjoy the view Do you have any more pics to share with us
1,lol she is definatley insaneif you couldnt tell from the start then you wernt paying much attention ppl
